epoch,step,batch_size,loss,loss_ema
1,1,2,0.72054005,0.72054005
1,2,2,0.71859348,0.72050112
1,3,2,0.70075345,0.72010616
2,4,2,0.69324929,0.71956902
2,5,2,0.68536717,0.71888499
2,6,2,0.69110918,0.71832947
