epoch,step,batch_size,loss,loss_ema
1,1,2,4.87590122,4.87590122
1,2,2,4.77941608,4.87397152
1,3,2,4.71380234,4.87076814
2,4,2,4.64305878,4.86621395
2,5,2,4.61091900,4.86110805
2,6,2,4.50909138,4.85406772
