epoch,step,batch_size,loss,loss_ema
1,1,2,4.68056488,4.68056488
1,2,2,4.52475548,4.67744869
1,3,2,4.57931328,4.67548598
2,4,2,4.49849749,4.67194621
2,5,2,4.43753147,4.66725792
2,6,2,4.43430138,4.66259879
