epoch,train_loss,val_loss,ORIGINAL_ACCURACY,ORIGINAL_PRECISION,ORIGINAL_RECALL,ORIGINAL_F1,ORIGINAL_TP,ORIGINAL_TN,ORIGINAL_FP,ORIGINAL_FN,FLIPPED_ACCURACY,FLIPPED_PRECISION,FLIPPED_RECALL,FLIPPED_F1,FLIPPED_TP,FLIPPED_TN,FLIPPED_FP,FLIPPED_FN,ALL_YES_ACCURACY,ALL_YES_PRECISION,ALL_YES_RECALL,ALL_YES_F1,ALL_YES_TP,ALL_YES_TN,ALL_YES_FP,ALL_YES_FN,ALL_NO_ACCURACY,ALL_NO_PRECISION,ALL_NO_RECALL,ALL_NO_F1,ALL_NO_TP,ALL_NO_TN,ALL_NO_FP,ALL_NO_FN,RANDOM_ACCURACY,RANDOM_PRECISION,RANDOM_RECALL,RANDOM_F1,RANDOM_TP,RANDOM_TN,RANDOM_FP,RANDOM_FN
1,0.68449821,0.69331902,0.41670000,0.38890000,0.41670000,0.37780000,4,1,5,2,0.58330000,0.61110000,0.58330000,0.55560000,2,5,1,4,0.50000000,0.25000000,0.50000000,0.33330000,6,0,6,0,0.50000000,0.25000000,0.50000000,0.33330000,0,6,0,6,0.33330000,0.33330000,0.33330000,0.33330000,2,2,4,4
2,0.69510221,0.69337392,0.41670000,0.38890000,0.41670000,0.37780000,4,1,5,2,0.58330000,0.61110000,0.58330000,0.55560000,2,5,1,4,0.50000000,0.25000000,0.50000000,0.33330000,6,0,6,0,0.50000000,0.25000000,0.50000000,0.33330000,0,6,0,6,0.33330000,0.33330000,0.33330000,0.33330000,2,2,4,4
3,0.68037947,0.69331801,0.41670000,0.38890000,0.41670000,0.37780000,4,1,5,2,0.58330000,0.61110000,0.58330000,0.55560000,2,5,1,4,0.50000000,0.25000000,0.50000000,0.33330000,6,0,6,0,0.50000000,0.25000000,0.50000000,0.33330000,0,6,0,6,0.33330000,0.33330000,0.33330000,0.33330000,2,2,4,4
