epoch,step,batch_size,loss,loss_ema
1,1,2,0.69630933,0.69630933
1,2,2,0.65968961,0.69557693
1,3,2,0.69749570,0.69561531
2,4,2,0.69206607,0.69554432
2,5,2,0.69483840,0.69553021
2,6,2,0.69840217,0.69558765
3,7,2,0.69022483,0.69022483
3,8,2,0.65424162,0.68950516
3,9,2,0.69667196,0.68964850
